Customer_ID,Name,Age,Region,Plan_Type,Monthly_Fee,Signup_Date,Last_Active_Date,Churned,Churn_Date,Support_Tickets,Avg_Usage_Hours_per_Week,Churn,Customer_Lifetime,Tenure_Months,Signup_Month
CUST0001,Kashvi Patel,43,Karnataka,Standard,199,2024-10-05,2025-08-16,1,2025-06-21,7,7.17,1,315,10.5,2024-10
CUST0002,Karan Keer,54,Karnataka,Premium,999,2025-11-02,2026-03-02,1,2026-01-26,9,1.06,1,120,4.0,2025-11
CUST0003,Bhavini Kaul,47,West Bengal,Standard,999,2024-07-04,2025-04-25,0,,3,3.63,0,295,9.833333333333334,2024-07
CUST0004,Balhaar Chopra,49,Maharashtra,Basic,399,2024-10-28,2025-11-19,0,,10,11.84,0,387,12.9,2024-10
CUST0005,Hredhaan Vaidya,32,West Bengal,Premium,999,2024-06-04,2024-11-09,1,2026-03-10,10,8.83,1,158,5.266666666666667,2024-06
CUST0006,Banjeet Pathak,25,Karnataka,Standard,599,2024-05-20,2025-12-02,1,2025-07-03,8,8.89,1,561,18.7,2024-05
CUST0007,Amara Venkataraman,23,West Bengal,Basic,999,2025-03-25,2026-02-08,0,,5,17.13,0,320,10.666666666666666,2025-03
CUST0008,Aditya Saraf,24,Karnataka,Standard,599,2025-02-14,2025-11-03,1,2025-11-20,8,15.86,1,262,8.733333333333333,2025-02
CUST0009,Watika Sule,62,Tamil Nadu,Standard,999,2025-03-02,2026-02-26,0,,8,8.82,0,361,12.033333333333333,2025-03
CUST0010,Gunbir Sood,53,Karnataka,Standard,599,2024-05-16,2024-12-04,1,2024-09-06,8,9.43,1,202,6.733333333333333,2024-05
CUST0011,Priya Chokshi,21,Tamil Nadu,Premium,199,2026-01-29,2026-03-04,0,,3,2.92,0,34,1.1333333333333333,2026-01
CUST0012,Elijah Lata,29,Tamil Nadu,Basic,599,2025-06-09,2025-11-17,1,2025-10-05,4,5.33,1,161,5.366666666666666,2025-06
CUST0013,Garima Chahal,43,Delhi,Basic,399,2025-01-16,2025-11-13,1,2025-04-06,3,6.54,1,301,10.033333333333333,2025-01
CUST0014,Ishani Prabhu,18,Maharashtra,Basic,199,2025-04-09,2025-06-23,1,2025-08-17,9,3.47,1,75,2.5,2025-04
CUST0015,Praneel Hora,63,West Bengal,Standard,199,2026-02-19,2026-03-30,0,,4,7.43,0,39,1.3,2026-02
CUST0016,Rachita Dhar,60,West Bengal,Basic,199,2024-10-09,2025-05-18,1,2025-03-26,5,17.69,1,221,7.366666666666666,2024-10
CUST0017,Januja Sodhi,30,Maharashtra,Standard,399,2024-06-25,2025-02-07,0,,1,13.48,0,227,7.566666666666666,2024-06
CUST0018,Elijah Reddy,50,Maharashtra,Standard,599,2025-03-06,2025-05-27,0,,2,3.06,0,82,2.7333333333333334,2025-03
CUST0019,Hemal Chanda,60,Delhi,Standard,999,2024-10-04,2025-04-15,1,2025-03-17,5,4.23,1,193,6.433333333333334,2024-10
CUST0020,Zaitra Khanna,37,Tamil Nadu,Basic,999,2024-11-10,2025-09-07,1,2025-12-05,6,13.06,1,301,10.033333333333333,2024-11
CUST0021,Ishani Seshadri,39,Karnataka,Standard,999,2025-07-22,2025-11-29,1,2025-08-07,5,3.84,1,130,4.333333333333333,2025-07
CUST0022,Harshil Savant,23,Maharashtra,Standard,599,2025-01-18,2025-05-30,1,2026-02-18,6,14.75,1,132,4.4,2025-01
CUST0023,Urmi Mammen,56,Maharashtra,Basic,399,2024-10-24,2025-12-30,0,,8,17.97,0,432,14.4,2024-10
CUST0024,Hemang Patla,60,Maharashtra,Basic,599,2024-06-09,2024-12-06,1,2024-09-25,6,2.39,1,180,6.0,2024-06
CUST0025,Charita Sha,32,Maharashtra,Basic,399,2025-01-06,2025-08-08,0,,9,15.72,0,214,7.133333333333334,2025-01
CUST0026,Aashi Behl,42,Karnataka,Premium,399,2024-06-18,2024-08-21,0,,4,13.13,0,64,2.1333333333333333,2024-06
CUST0027,Yash Sehgal,65,Delhi,Premium,399,2024-07-14,2025-12-09,1,2024-12-27,0,4.49,1,513,17.1,2024-07
CUST0028,Oscar Bail,51,Delhi,Basic,399,2025-11-19,2025-12-16,0,,9,16.81,0,27,0.9,2025-11
CUST0029,Vedhika Arya,47,West Bengal,Premium,399,2024-06-01,2025-01-27,0,,2,9.39,0,240,8.0,2024-06
CUST0030,Pooja Oza,37,West Bengal,Standard,199,2025-04-27,2025-06-15,1,2025-08-21,2,12.6,1,49,1.6333333333333333,2025-04
CUST0031,Reva Magar,33,Maharashtra,Standard,199,2025-09-28,2025-11-16,0,,0,16.82,0,49,1.6333333333333333,2025-09
CUST0032,Madhavi Misra,64,Tamil Nadu,Basic,599,2025-09-08,2026-02-01,0,,1,3.24,0,146,4.866666666666666,2025-09
CUST0033,Rushil Wali,63,Delhi,Basic,199,2025-06-08,2025-11-17,1,2025-06-15,4,10.63,1,162,5.4,2025-06
CUST0034,Zaitra Mannan,31,Karnataka,Premium,199,2025-01-11,2026-01-14,1,2026-03-27,4,13.62,1,368,12.266666666666667,2025-01
CUST0035,Tristan Vasa,58,West Bengal,Basic,999,2024-10-22,2025-02-20,0,,9,18.31,0,121,4.033333333333333,2024-10
CUST0036,Andrew Thaman,26,Maharashtra,Standard,199,2025-02-08,2025-04-06,0,,10,14.63,0,57,1.9,2025-02
CUST0037,Nikita Madan,51,Maharashtra,Standard,599,2025-06-15,2025-11-19,0,,9,12.2,0,157,5.233333333333333,2025-06
CUST0038,Upkaar Khanna,42,Delhi,Basic,999,2024-08-23,2025-11-15,0,,4,18.44,0,449,14.966666666666667,2024-08
CUST0039,Adya Wadhwa,63,West Bengal,Standard,399,2025-03-10,2025-06-21,1,2025-03-23,7,12.14,1,103,3.433333333333333,2025-03
CUST0040,Upkaar Mutti,34,Maharashtra,Premium,999,2025-05-25,2025-06-09,1,2026-01-13,9,16.77,1,15,0.5,2025-05
CUST0041,Omya Parsa,37,Tamil Nadu,Premium,399,2025-06-23,2026-01-11,0,,0,9.5,0,202,6.733333333333333,2025-06
CUST0042,Dhriti Bora,37,Karnataka,Standard,599,2024-09-28,2025-03-07,0,,8,19.9,0,160,5.333333333333333,2024-09
CUST0043,Vasana Sama,47,West Bengal,Premium,599,2025-08-29,2026-02-17,1,2026-01-24,5,16.71,1,172,5.733333333333333,2025-08
CUST0044,Ekani Baral,57,Karnataka,Premium,199,2025-11-01,2026-03-02,1,2026-03-11,4,3.97,1,121,4.033333333333333,2025-11
CUST0045,Faqid Loke,28,Tamil Nadu,Basic,999,2024-05-01,2025-01-16,1,2024-12-08,6,5.12,1,260,8.666666666666666,2024-05
CUST0046,Garima Deshpande,20,Maharashtra,Premium,599,2024-07-03,2025-12-05,0,,4,19.81,0,520,17.333333333333332,2024-07
CUST0047,Udarsh Dhaliwal,64,Karnataka,Premium,199,2026-02-16,2026-03-25,0,,1,7.89,0,37,1.2333333333333334,2026-02
CUST0048,Zayan Vig,42,West Bengal,Premium,599,2024-11-02,2026-03-21,0,,10,5.39,0,504,16.8,2024-11
CUST0049,Ati Rau,62,West Bengal,Premium,999,2026-03-01,2026-03-04,0,,2,8.36,0,3,0.1,2026-03
CUST0050,Qarin Garg,49,Delhi,Premium,199,2025-08-31,2026-02-28,1,2026-01-05,5,8.92,1,181,6.033333333333333,2025-08
CUST0051,Mohini Sachar,44,West Bengal,Premium,399,2024-04-01,2025-05-10,1,2024-08-19,10,10.79,1,404,13.466666666666667,2024-04
CUST0052,Tanish Ghosh,41,West Bengal,Basic,599,2025-11-17,2025-11-17,0,,6,6.87,0,0,0.0,2025-11
CUST0053,Tanvi Ghosh,45,West Bengal,Standard,999,2025-09-23,2025-12-09,0,,8,17.77,0,77,2.566666666666667,2025-09
CUST0054,Nitara Joshi,54,Karnataka,Basic,199,2024-08-16,2024-11-06,1,2024-11-01,8,19.34,1,82,2.7333333333333334,2024-08
CUST0055,Kalpit Natt,42,West Bengal,Premium,599,2025-11-16,2026-01-15,0,,9,2.92,0,60,2.0,2025-11
CUST0056,Mason Bahl,39,Maharashtra,Standard,199,2024-08-12,2025-03-21,0,,2,2.84,0,221,7.366666666666666,2024-08
CUST0057,Kashish Rao,21,Karnataka,Premium,999,2024-11-11,2025-12-07,0,,5,16.25,0,391,13.033333333333333,2024-11
CUST0058,Harinakshi Srinivasan,56,Tamil Nadu,Standard,599,2025-08-28,2026-03-27,1,2025-11-16,3,5.28,1,211,7.033333333333333,2025-08
CUST0059,Charvi Buch,29,Karnataka,Basic,199,2025-05-01,2026-03-10,0,,3,3.09,0,313,10.433333333333334,2025-05
CUST0060,Avi Lalla,59,Tamil Nadu,Basic,599,2024-08-11,2025-09-20,0,,5,8.11,0,405,13.5,2024-08
CUST0061,Darsh Vora,63,Maharashtra,Premium,199,2024-05-28,2025-06-29,1,2024-07-15,7,4.08,1,397,13.233333333333333,2024-05
CUST0062,Jack Ram,49,Karnataka,Premium,199,2026-02-18,2026-03-01,0,,2,2.88,0,11,0.36666666666666664,2026-02
CUST0063,Oni De,50,Maharashtra,Premium,999,2025-10-18,2026-03-20,1,2026-01-17,9,7.08,1,153,5.1,2025-10
CUST0064,Robert Sathe,23,West Bengal,Standard,999,2025-08-25,2025-10-25,0,,4,14.51,0,61,2.033333333333333,2025-08
CUST0065,Manthan Ramanathan,56,Karnataka,Basic,999,2025-05-26,2025-12-26,1,2026-03-05,9,11.61,1,214,7.133333333333334,2025-05
CUST0066,Upadhriti Khalsa,36,Delhi,Basic,399,2024-11-18,2025-06-04,1,2026-03-03,2,15.57,1,198,6.6,2024-11
CUST0067,Ryan Lall,26,Karnataka,Premium,199,2025-06-06,2025-10-07,0,,6,5.14,0,123,4.1,2025-06
CUST0068,Lila Chada,49,Karnataka,Basic,599,2025-05-10,2025-09-02,0,,6,16.09,0,115,3.8333333333333335,2025-05
CUST0069,Hemangini Sheth,49,Karnataka,Standard,199,2025-07-29,2025-12-12,1,2026-02-12,8,3.79,1,136,4.533333333333333,2025-07
CUST0070,Janaki Singhal,62,Maharashtra,Standard,999,2024-05-05,2024-09-13,1,2025-05-02,6,6.38,1,131,4.366666666666666,2024-05
CUST0071,Waida Bhatt,65,Maharashtra,Premium,999,2025-09-22,2026-01-06,0,,8,17.73,0,106,3.533333333333333,2025-09
CUST0072,Yutika Karan,38,Delhi,Premium,999,2024-09-29,2026-02-16,1,2025-05-21,2,3.18,1,505,16.833333333333332,2024-09
CUST0073,Sanaya Chandra,52,Delhi,Premium,599,2025-02-23,2025-12-24,1,2025-03-03,4,16.96,1,304,10.133333333333333,2025-02
CUST0074,Kala Andra,63,Karnataka,Basic,399,2025-08-17,2025-08-20,1,2025-10-30,5,4.18,1,3,0.1,2025-08
CUST0075,Daksh Patla,51,Delhi,Basic,999,2024-09-14,2025-09-01,0,,0,18.48,0,352,11.733333333333333,2024-09
CUST0076,Tarak Pau,20,West Bengal,Premium,599,2025-10-06,2026-03-16,1,2026-03-02,0,11.28,1,161,5.366666666666666,2025-10
CUST0077,Kai Sundaram,45,Karnataka,Premium,199,2024-11-27,2024-12-01,0,,9,1.59,0,4,0.13333333333333333,2024-11
CUST0078,Wakeeta Keer,55,Karnataka,Standard,199,2025-03-26,2025-10-22,0,,0,12.88,0,210,7.0,2025-03
CUST0079,Saksham Shah,51,Maharashtra,Premium,399,2024-11-20,2026-03-21,1,2025-01-16,10,5.97,1,486,16.2,2024-11
CUST0080,Qasim Srinivasan,65,Tamil Nadu,Premium,199,2024-10-01,2025-06-23,0,,4,4.1,0,265,8.833333333333334,2024-10
CUST0081,Garima Reddy,61,Delhi,Basic,999,2025-01-07,2025-03-26,0,,0,18.14,0,78,2.6,2025-01
CUST0082,Jeremiah Dave,56,Tamil Nadu,Standard,599,2024-11-07,2025-05-21,1,2025-11-01,4,16.35,1,195,6.5,2024-11
CUST0083,Jeet Sandhu,19,Karnataka,Basic,199,2025-07-18,2025-08-22,1,2025-12-26,10,13.98,1,35,1.1666666666666667,2025-07
CUST0084,Bhavini Uppal,19,Maharashtra,Standard,199,2026-02-07,2026-03-04,1,2026-02-15,9,3.21,1,25,0.8333333333333334,2026-02
CUST0085,Abhiram Chaudhry,44,Karnataka,Basic,999,2025-02-07,2026-03-03,1,2025-07-08,4,14.66,1,389,12.966666666666667,2025-02
CUST0086,Bahadurjit Sani,38,Delhi,Basic,999,2024-12-28,2026-02-05,1,2025-01-15,6,13.48,1,404,13.466666666666667,2024-12
CUST0087,Tanvi Mannan,38,West Bengal,Basic,199,2024-10-18,2025-08-14,1,2025-08-30,4,6.27,1,300,10.0,2024-10
CUST0088,Luke Sen,38,Delhi,Premium,199,2024-07-12,2025-11-02,1,2024-11-10,9,11.58,1,478,15.933333333333334,2024-07
CUST0089,Raagini Ramaswamy,38,Karnataka,Basic,599,2024-09-10,2024-12-20,0,,5,3.06,0,101,3.3666666666666667,2024-09
CUST0090,Varsha Iyengar,35,Maharashtra,Premium,599,2024-08-15,2025-08-27,0,,3,13.1,0,377,12.566666666666666,2024-08
CUST0091,Pahal Prabhu,34,Maharashtra,Premium,599,2025-06-26,2025-12-15,1,2025-12-15,1,15.84,1,172,5.733333333333333,2025-06
CUST0092,Leena Bahl,22,West Bengal,Standard,399,2024-07-26,2026-01-25,1,2025-05-31,4,16.01,1,548,18.266666666666666,2024-07
CUST0093,Yashasvi Dyal,49,Karnataka,Standard,599,2024-05-26,2025-10-14,0,,1,9.01,0,506,16.866666666666667,2024-05
CUST0094,Dalbir Sachdeva,34,Karnataka,Standard,399,2025-06-06,2025-12-02,0,,2,4.95,0,179,5.966666666666667,2025-06
CUST0095,Amol Pandit,52,Maharashtra,Standard,199,2024-08-06,2025-03-03,0,,7,7.65,0,209,6.966666666666667,2024-08
CUST0096,Kavya Bir,20,Maharashtra,Premium,599,2024-11-29,2025-11-18,0,,8,8.72,0,354,11.8,2024-11
CUST0097,Chaman Sachar,56,Maharashtra,Standard,199,2025-11-30,2026-03-03,0,,10,5.02,0,93,3.1,2025-11
CUST0098,Harish Jayaraman,40,West Bengal,Standard,999,2025-06-23,2025-10-08,0,,7,7.6,0,107,3.566666666666667,2025-06
CUST0099,Aditya Deo,51,Maharashtra,Basic,399,2025-01-04,2025-08-24,1,2026-01-29,7,12.45,1,232,7.733333333333333,2025-01
CUST0100,Xavier Venkataraman,50,Maharashtra,Premium,599,2025-06-18,2025-10-30,0,,7,15.0,0,134,4.466666666666667,2025-06
CUST0101,Geetika Sani,36,Maharashtra,Standard,599,2025-06-25,2025-11-12,1,2025-09-16,5,17.85,1,140,4.666666666666667,2025-06
CUST0102,Guneet Pradhan,37,Delhi,Standard,399,2024-04-05,2025-08-05,1,2026-03-11,0,14.2,1,487,16.233333333333334,2024-04
CUST0103,Abhiram Chauhan,37,West Bengal,Basic,599,2025-06-25,2025-12-13,0,,1,5.44,0,171,5.7,2025-06
CUST0104,Ekanta Bhagat,34,Maharashtra,Premium,199,2025-08-17,2025-11-08,1,2025-09-09,3,19.66,1,83,2.7666666666666666,2025-08
CUST0105,Udyati Jhaveri,56,Karnataka,Premium,199,2025-05-09,2025-11-29,1,2026-01-20,8,12.43,1,204,6.8,2025-05
CUST0106,Guneet Purohit,47,Karnataka,Premium,399,2025-01-29,2026-03-07,0,,2,17.8,0,402,13.4,2025-01
CUST0107,Gautam Kothari,61,Karnataka,Premium,199,2025-03-24,2025-04-29,0,,4,16.5,0,36,1.2,2025-03
CUST0108,Zaitra Shenoy,51,West Bengal,Basic,199,2024-04-10,2025-09-09,1,2026-01-21,8,13.85,1,517,17.233333333333334,2024-04
CUST0109,Nihal Loke,23,West Bengal,Premium,599,2024-04-13,2024-05-10,0,,1,4.47,0,27,0.9,2024-04
CUST0110,Advika Parsa,30,Karnataka,Standard,999,2025-07-04,2025-08-10,1,2026-01-01,2,5.93,1,37,1.2333333333333334,2025-07
CUST0111,Ubika Issac,37,Tamil Nadu,Standard,399,2025-09-27,2026-01-12,1,2026-02-24,7,17.2,1,107,3.566666666666667,2025-09
CUST0112,Daksha Sachdev,34,West Bengal,Standard,399,2025-10-14,2026-01-31,1,2026-02-03,6,15.73,1,109,3.6333333333333333,2025-10
CUST0113,Balendra Vasa,65,Delhi,Premium,199,2024-11-12,2026-02-02,1,2025-09-27,5,2.25,1,447,14.9,2024-11
CUST0114,Aarav Kari,64,Tamil Nadu,Premium,999,2025-10-22,2026-01-19,0,,6,4.63,0,89,2.966666666666667,2025-10
CUST0115,Mitali Mukhopadhyay,47,Tamil Nadu,Premium,199,2024-10-02,2025-07-17,1,2025-12-06,4,9.37,1,288,9.6,2024-10
CUST0116,Prisha Konda,28,West Bengal,Premium,999,2024-06-05,2024-10-28,0,,0,4.44,0,145,4.833333333333333,2024-06
CUST0117,Christopher Mand,49,Maharashtra,Standard,199,2024-11-07,2025-10-05,0,,0,11.66,0,332,11.066666666666666,2024-11
CUST0118,Dev Wali,59,Tamil Nadu,Basic,399,2025-06-14,2025-08-22,0,,10,15.55,0,69,2.3,2025-06
CUST0119,Isaiah Sule,58,Tamil Nadu,Basic,599,2026-01-09,2026-02-12,0,,6,4.1,0,34,1.1333333333333333,2026-01
CUST0120,Frederick Balakrishnan,58,Karnataka,Premium,399,2025-09-02,2025-09-19,0,,1,14.02,0,17,0.5666666666666667,2025-09
CUST0121,Mason Kant,39,Delhi,Basic,199,2025-10-10,2026-01-20,1,2026-03-20,0,3.01,1,102,3.4,2025-10
CUST0122,Ijaya Singh,58,Maharashtra,Basic,599,2024-09-13,2024-10-09,1,2024-10-24,0,13.69,1,26,0.8666666666666667,2024-09
CUST0123,Kevin Dutta,43,Tamil Nadu,Standard,599,2025-11-11,2026-01-16,0,,8,2.98,0,66,2.2,2025-11
CUST0124,Tripti Murty,59,West Bengal,Premium,199,2024-12-11,2025-12-31,0,,5,12.67,0,385,12.833333333333334,2024-12
CUST0125,Ati Pingle,30,West Bengal,Basic,399,2024-07-02,2025-04-03,0,,2,18.46,0,275,9.166666666666666,2024-07
CUST0126,Ethan Khurana,45,Delhi,Standard,399,2024-10-10,2025-09-08,0,,4,18.79,0,333,11.1,2024-10
CUST0127,Urvashi Varughese,46,Delhi,Premium,399,2024-12-19,2025-07-27,1,2025-09-27,4,11.61,1,220,7.333333333333333,2024-12
CUST0128,Maya Raj,58,Tamil Nadu,Premium,599,2025-01-24,2025-11-17,0,,8,6.74,0,297,9.9,2025-01
CUST0129,Hitesh Mahajan,40,Tamil Nadu,Basic,999,2026-01-31,2026-02-09,0,,4,19.49,0,9,0.3,2026-01
CUST0130,Lopa Munshi,38,Karnataka,Basic,199,2025-03-27,2025-10-01,1,2025-06-29,8,3.07,1,188,6.266666666666667,2025-03
CUST0131,Krishna Seth,37,Maharashtra,Standard,599,2024-04-28,2026-02-04,0,,7,2.22,0,647,21.566666666666666,2024-04
CUST0132,Laksh Barad,45,Maharashtra,Premium,399,2025-07-09,2026-02-17,0,,6,2.6,0,223,7.433333333333334,2025-07
CUST0133,Chandani Raghavan,25,Tamil Nadu,Basic,999,2025-08-20,2026-01-13,1,2025-12-27,4,16.65,1,146,4.866666666666666,2025-08
CUST0134,Kalpit Atwal,35,Maharashtra,Premium,399,2025-07-09,2026-03-13,1,2026-03-09,0,18.77,1,247,8.233333333333333,2025-07
CUST0135,Aradhana Sood,40,Karnataka,Standard,599,2024-04-28,2025-06-01,0,,0,1.44,0,399,13.3,2024-04
CUST0136,Yash Srinivas,51,Maharashtra,Premium,599,2026-02-24,2026-03-07,1,2026-02-28,1,15.94,1,11,0.36666666666666664,2026-02
CUST0137,Robert Mallick,57,Delhi,Basic,199,2025-04-08,2025-07-29,1,2025-10-26,9,1.58,1,112,3.7333333333333334,2025-04
CUST0138,Shivansh Keer,61,Maharashtra,Premium,999,2024-05-08,2025-04-17,0,,1,3.4,0,344,11.466666666666667,2024-05
CUST0139,Harrison Bose,53,Delhi,Basic,399,2026-01-17,2026-02-12,0,,5,17.05,0,26,0.8666666666666667,2026-01
CUST0140,Hitesh Sami,37,Delhi,Premium,599,2025-11-23,2026-01-02,0,,3,13.86,0,40,1.3333333333333333,2025-11
CUST0141,Balveer Zacharia,39,Delhi,Basic,999,2025-12-03,2026-03-27,0,,0,14.71,0,114,3.8,2025-12
CUST0142,Inaya Sridhar,39,West Bengal,Basic,199,2025-02-24,2025-04-21,0,,6,3.09,0,56,1.8666666666666667,2025-02
CUST0143,Neelima Basu,22,Karnataka,Basic,399,2025-09-02,2026-01-07,0,,5,6.68,0,127,4.233333333333333,2025-09
CUST0144,Nikita Nath,65,West Bengal,Premium,599,2025-06-05,2025-07-06,1,2025-09-17,5,16.67,1,31,1.0333333333333334,2025-06
CUST0145,Yashodhara Barad,33,Delhi,Standard,199,2025-01-30,2025-03-11,1,2025-04-16,2,19.44,1,40,1.3333333333333333,2025-01
CUST0146,Chanchal Narula,29,Maharashtra,Premium,199,2025-03-13,2025-06-25,1,2025-08-26,2,4.61,1,104,3.466666666666667,2025-03
CUST0147,Urvashi Chaudhary,47,Maharashtra,Premium,399,2025-02-11,2025-07-27,1,2025-12-21,1,1.98,1,166,5.533333333333333,2025-02
CUST0148,Vyanjana Palla,22,Maharashtra,Basic,599,2025-01-20,2025-05-22,1,2025-06-08,6,2.94,1,122,4.066666666666666,2025-01
CUST0149,Timothy Krishnan,32,Delhi,Standard,199,2025-02-01,2026-01-23,0,,3,3.53,0,356,11.866666666666667,2025-02
CUST0150,Teerth Dhar,41,Karnataka,Basic,399,2026-01-08,2026-03-13,1,2026-03-30,3,16.28,1,64,2.1333333333333333,2026-01
CUST0151,Faraj Hari,62,Delhi,Premium,199,2025-09-27,2026-01-16,0,,10,4.35,0,111,3.7,2025-09
CUST0152,Bahadurjit Murthy,58,Maharashtra,Standard,599,2026-01-26,2026-02-19,0,,0,17.57,0,24,0.8,2026-01
CUST0153,Jack Prabhu,42,Maharashtra,Basic,599,2025-10-16,2026-01-06,0,,7,17.32,0,82,2.7333333333333334,2025-10
CUST0154,Saksham Mukhopadhyay,39,Tamil Nadu,Standard,399,2025-01-30,2025-04-21,0,,8,1.74,0,81,2.7,2025-01
CUST0155,Wahab Pingle,62,Tamil Nadu,Basic,999,2024-08-10,2026-01-05,1,2025-02-15,5,16.77,1,513,17.1,2024-08
CUST0156,Vihaan Nagy,64,Delhi,Standard,399,2026-01-04,2026-02-27,0,,1,9.82,0,54,1.8,2026-01
CUST0157,Wridesh Mukherjee,26,Maharashtra,Premium,599,2025-06-06,2025-07-17,0,,0,3.36,0,41,1.3666666666666667,2025-06
CUST0158,Harshil Nath,37,Delhi,Basic,999,2024-09-19,2024-11-13,1,2025-04-12,4,17.28,1,55,1.8333333333333333,2024-09
CUST0159,Krisha Viswanathan,31,West Bengal,Basic,399,2025-02-25,2025-12-05,1,2025-10-11,6,19.66,1,283,9.433333333333334,2025-02
CUST0160,Falan Rout,21,West Bengal,Premium,999,2025-05-21,2025-05-27,1,2025-07-31,5,13.59,1,6,0.2,2025-05
CUST0161,Chavvi Swamy,57,Maharashtra,Premium,599,2024-12-28,2025-08-03,0,,8,18.54,0,218,7.266666666666667,2024-12
CUST0162,Amara Dua,61,West Bengal,Premium,599,2024-12-16,2026-02-04,1,2026-01-01,3,17.98,1,415,13.833333333333334,2024-12
CUST0163,Ryan Basu,31,Delhi,Premium,599,2024-08-11,2026-01-17,1,2024-08-18,1,11.17,1,524,17.466666666666665,2024-08
CUST0164,Aditya Sant,59,Tamil Nadu,Standard,399,2024-09-07,2026-03-29,0,,3,7.78,0,568,18.933333333333334,2024-09
CUST0165,Triya Bali,50,Delhi,Premium,599,2025-07-15,2025-10-15,0,,7,4.43,0,92,3.066666666666667,2025-07
CUST0166,Lila Krishnamurthy,42,West Bengal,Premium,599,2025-07-08,2025-09-18,0,,6,1.11,0,72,2.4,2025-07
CUST0167,Nidra Deshmukh,46,Karnataka,Standard,599,2025-08-04,2025-10-09,0,,5,10.9,0,66,2.2,2025-08
CUST0168,Nilima Gola,61,Maharashtra,Basic,599,2024-09-25,2025-01-03,1,2025-06-28,0,1.34,1,100,3.3333333333333335,2024-09
CUST0169,Radhika Dayal,58,Tamil Nadu,Basic,399,2024-09-29,2024-12-28,0,,5,15.91,0,90,3.0,2024-09
CUST0170,Ishaan Mody,57,West Bengal,Premium,999,2024-12-20,2025-11-06,1,2025-06-26,3,3.94,1,321,10.7,2024-12
CUST0171,Vamakshi Manda,24,Delhi,Premium,199,2024-11-08,2024-11-19,0,,7,12.08,0,11,0.36666666666666664,2024-11
CUST0172,Frado Sane,44,Maharashtra,Premium,199,2025-06-07,2025-10-23,1,2026-01-16,9,15.19,1,138,4.6,2025-06
CUST0173,Zilmil Ram,58,West Bengal,Standard,399,2025-07-19,2025-12-13,1,2025-08-22,6,19.2,1,147,4.9,2025-07
CUST0174,Amara Ravel,53,Karnataka,Premium,199,2025-02-09,2025-12-06,1,2025-06-24,5,14.48,1,300,10.0,2025-02
CUST0175,Tara Toor,58,Karnataka,Basic,199,2025-04-05,2025-12-14,0,,2,4.9,0,253,8.433333333333334,2025-04
CUST0176,Jagrati Mitter,51,Tamil Nadu,Basic,999,2024-12-23,2025-06-20,0,,2,18.5,0,179,5.966666666666667,2024-12
CUST0177,Samesh Nori,31,Tamil Nadu,Basic,999,2024-04-17,2025-06-01,0,,3,19.48,0,410,13.666666666666666,2024-04
CUST0178,Amrita Mital,56,Maharashtra,Basic,599,2024-04-20,2024-11-26,1,2025-02-06,0,19.3,1,220,7.333333333333333,2024-04
CUST0179,Rajata Kala,22,Karnataka,Standard,399,2025-06-23,2025-07-30,1,2025-10-08,1,9.9,1,37,1.2333333333333334,2025-06
CUST0180,Dayamai Dua,41,Delhi,Basic,199,2024-12-24,2025-09-15,1,2026-02-21,7,16.71,1,265,8.833333333333334,2024-12
CUST0181,Amrita Divan,54,Tamil Nadu,Premium,999,2025-02-09,2025-09-23,0,,4,11.19,0,226,7.533333333333333,2025-02
CUST0182,Vedant Murty,59,Delhi,Basic,999,2024-06-26,2025-11-03,1,2025-01-16,0,18.76,1,495,16.5,2024-06
CUST0183,Zashil Lalla,23,Tamil Nadu,Standard,599,2025-09-26,2025-10-31,0,,10,6.48,0,35,1.1666666666666667,2025-09
CUST0184,Amaira Nagar,33,Karnataka,Basic,399,2025-02-13,2025-10-29,0,,9,12.67,0,258,8.6,2025-02
CUST0185,Saumya Deol,50,Karnataka,Standard,599,2026-02-24,2026-02-27,0,,9,16.46,0,3,0.1,2026-02
CUST0186,Siya Munshi,19,Maharashtra,Standard,999,2024-11-07,2026-01-19,0,,4,16.86,0,438,14.6,2024-11
CUST0187,Neel Behl,18,Karnataka,Basic,599,2025-11-08,2026-03-11,0,,6,19.45,0,123,4.1,2025-11
CUST0188,Riya Khatri,57,Delhi,Basic,399,2025-10-14,2025-12-07,0,,1,10.41,0,54,1.8,2025-10
CUST0189,Tamanna Bhasin,38,Karnataka,Basic,399,2024-04-22,2025-12-01,0,,5,1.81,0,588,19.6,2024-04
CUST0190,Owen Bhat,59,Maharashtra,Standard,599,2024-07-26,2024-12-30,0,,5,1.19,0,157,5.233333333333333,2024-07
CUST0191,Ekanta Brahmbhatt,21,Tamil Nadu,Basic,199,2024-08-16,2025-10-31,1,2025-09-10,8,9.03,1,441,14.7,2024-08
CUST0192,Daniel Narang,50,Delhi,Basic,999,2025-04-20,2025-05-21,1,2025-07-30,9,5.96,1,31,1.0333333333333334,2025-04
CUST0193,Radhika Wali,50,Delhi,Standard,999,2024-04-19,2024-05-11,0,,1,17.8,0,22,0.7333333333333333,2024-04
CUST0194,Wishi Issac,39,Delhi,Basic,999,2025-03-26,2025-10-03,0,,4,14.01,0,191,6.366666666666666,2025-03
CUST0195,Yamini Sood,63,Delhi,Basic,399,2024-12-14,2024-12-18,1,2025-11-20,8,6.87,1,4,0.13333333333333333,2024-12
CUST0196,Arjun Wadhwa,50,Delhi,Standard,599,2024-06-27,2025-08-26,0,,6,2.89,0,425,14.166666666666666,2024-06
CUST0197,Hemang Mane,45,Delhi,Standard,399,2024-06-28,2025-05-27,1,2024-08-08,4,2.07,1,333,11.1,2024-06
CUST0198,Indrajit Mani,65,Tamil Nadu,Basic,999,2025-05-29,2026-02-15,1,2025-10-02,4,12.61,1,262,8.733333333333333,2025-05
CUST0199,Samarth Ramakrishnan,25,Maharashtra,Standard,399,2025-11-10,2026-03-29,1,2025-11-23,9,4.13,1,139,4.633333333333334,2025-11
CUST0200,Keya Ranganathan,58,West Bengal,Basic,399,2025-05-09,2025-08-22,0,,6,7.79,0,105,3.5,2025-05
CUST0201,Anthony Kurian,28,Tamil Nadu,Standard,399,2025-11-23,2025-12-28,0,,8,17.34,0,35,1.1666666666666667,2025-11
CUST0202,Yadavi Sami,26,Maharashtra,Standard,599,2024-06-24,2026-02-13,1,2025-02-10,7,4.27,1,599,19.966666666666665,2024-06
CUST0203,Pallavi Iyer,36,Maharashtra,Premium,399,2025-11-29,2025-12-02,0,,10,13.64,0,3,0.1,2025-11
CUST0204,Priya Uppal,23,Karnataka,Standard,399,2025-08-07,2025-11-27,0,,5,14.49,0,112,3.7333333333333334,2025-08
CUST0205,Warjas Varkey,61,Tamil Nadu,Standard,199,2025-12-14,2026-02-18,0,,9,15.36,0,66,2.2,2025-12
CUST0206,Rachana Bahri,54,West Bengal,Standard,199,2025-01-26,2025-10-12,0,,5,5.12,0,259,8.633333333333333,2025-01
CUST0207,Vedhika Virk,33,Delhi,Premium,999,2025-10-21,2026-03-24,1,2026-03-04,3,8.77,1,154,5.133333333333334,2025-10
CUST0208,Alexander Grover,48,Tamil Nadu,Basic,599,2025-08-05,2026-02-16,1,2025-09-03,7,6.44,1,195,6.5,2025-08
CUST0209,Chatura Wali,51,Maharashtra,Premium,399,2025-04-22,2025-06-23,0,,9,6.2,0,62,2.066666666666667,2025-04
CUST0210,Nakul Gupta,58,Maharashtra,Basic,199,2025-12-27,2026-03-27,0,,1,3.9,0,90,3.0,2025-12
CUST0211,Diya Kar,38,Maharashtra,Standard,199,2024-08-19,2025-03-10,1,2025-05-30,0,15.4,1,203,6.766666666666667,2024-08
CUST0212,Jagdish Bajwa,42,West Bengal,Basic,399,2025-06-24,2025-08-16,1,2026-03-13,10,12.41,1,53,1.7666666666666666,2025-06
CUST0213,Inaya Purohit,45,Tamil Nadu,Basic,199,2026-01-19,2026-03-06,1,2026-02-09,9,11.01,1,46,1.5333333333333334,2026-01
CUST0214,Zinal Jaggi,20,Delhi,Basic,999,2025-09-29,2025-11-27,0,,0,12.75,0,59,1.9666666666666666,2025-09
CUST0215,Urvi Roy,27,Delhi,Standard,399,2026-02-28,2026-03-15,1,2026-03-14,5,16.45,1,15,0.5,2026-02
CUST0216,Udant Chokshi,34,Karnataka,Standard,199,2025-08-31,2025-10-29,1,2025-12-19,8,4.54,1,59,1.9666666666666666,2025-08
CUST0217,Brinda Dutta,64,Karnataka,Standard,599,2024-04-06,2024-09-05,1,2025-01-07,7,11.72,1,152,5.066666666666666,2024-04
CUST0218,Gabriel Mitra,24,West Bengal,Basic,199,2025-08-31,2025-10-31,0,,7,1.9,0,61,2.033333333333333,2025-08
CUST0219,Maanav Vig,36,Maharashtra,Basic,399,2025-05-25,2025-08-28,0,,6,19.31,0,95,3.1666666666666665,2025-05
CUST0220,Dakshesh Minhas,50,West Bengal,Premium,199,2024-08-30,2025-11-02,1,2024-12-01,3,4.9,1,429,14.3,2024-08
CUST0221,Warjas Badami,28,Delhi,Basic,999,2025-11-08,2026-02-13,0,,10,19.22,0,97,3.2333333333333334,2025-11
CUST0222,Laban Dave,53,Tamil Nadu,Standard,199,2024-12-23,2025-08-04,0,,10,3.43,0,224,7.466666666666667,2024-12
CUST0223,Karan Srivastava,20,Tamil Nadu,Basic,599,2024-05-30,2024-11-20,0,,0,15.86,0,174,5.8,2024-05
CUST0224,Gabriel Gopal,38,Karnataka,Premium,999,2025-10-17,2026-03-09,0,,6,16.48,0,143,4.766666666666667,2025-10
CUST0225,Max Mane,39,Karnataka,Standard,599,2025-07-28,2025-09-14,0,,2,6.02,0,48,1.6,2025-07
CUST0226,Anay Nayar,40,Delhi,Standard,999,2025-10-23,2025-11-04,1,2026-03-24,3,6.96,1,12,0.4,2025-10
CUST0227,Anita Aurora,53,Tamil Nadu,Basic,999,2025-10-09,2026-01-09,0,,3,18.08,0,92,3.066666666666667,2025-10
CUST0228,Aishani Pau,47,West Bengal,Standard,999,2026-01-26,2026-02-21,1,2026-03-13,6,11.59,1,26,0.8666666666666667,2026-01
CUST0229,Kashish Sethi,41,West Bengal,Basic,199,2025-12-24,2026-03-05,1,2026-02-04,0,5.31,1,71,2.3666666666666667,2025-12
CUST0230,Vivaan Narasimhan,60,Maharashtra,Standard,399,2026-01-16,2026-01-17,1,2026-03-18,5,13.41,1,1,0.03333333333333333,2026-01
CUST0231,Vrishti Choudhry,59,Karnataka,Premium,999,2025-01-05,2025-02-15,1,2025-03-22,5,11.75,1,41,1.3666666666666667,2025-01
CUST0232,Warda Parsa,63,Maharashtra,Premium,599,2025-11-28,2026-03-08,1,2026-01-11,2,6.48,1,100,3.3333333333333335,2025-11
CUST0233,Yashvi Ramesh,33,Karnataka,Premium,999,2025-11-03,2025-11-29,1,2026-01-28,9,19.83,1,26,0.8666666666666667,2025-11
CUST0234,Manthan Kala,25,Tamil Nadu,Basic,399,2026-02-28,2026-02-28,0,,0,12.45,0,0,0.0,2026-02
CUST0235,Neel Reddy,60,Delhi,Standard,399,2024-05-01,2025-06-28,0,,8,9.14,0,423,14.1,2024-05
CUST0236,Max Panchal,35,Tamil Nadu,Standard,999,2024-06-21,2025-02-28,0,,0,19.2,0,252,8.4,2024-06
CUST0237,Rishi Balay,49,Delhi,Basic,199,2025-09-19,2025-09-25,1,2025-10-29,9,12.55,1,6,0.2,2025-09
CUST0238,Barkha Sanghvi,18,Tamil Nadu,Basic,999,2024-09-24,2025-07-17,0,,9,19.43,0,296,9.866666666666667,2024-09
CUST0239,Zansi Tella,31,Delhi,Basic,599,2025-12-19,2026-03-19,0,,6,13.13,0,90,3.0,2025-12
CUST0240,Leena Acharya,57,Delhi,Basic,599,2024-11-17,2025-09-03,0,,6,9.82,0,290,9.666666666666666,2024-11
CUST0241,Vivaan Chhabra,61,Karnataka,Premium,199,2024-10-05,2025-05-28,1,2025-12-24,2,2.69,1,235,7.833333333333333,2024-10
CUST0242,Jeet Bassi,43,Tamil Nadu,Basic,399,2025-08-28,2025-11-06,1,2026-01-07,3,1.39,1,70,2.3333333333333335,2025-08
CUST0243,Vanya Padmanabhan,65,Tamil Nadu,Standard,599,2025-08-20,2025-10-01,1,2025-12-19,3,11.67,1,42,1.4,2025-08
CUST0244,Alexander Thakur,57,West Bengal,Basic,199,2024-08-01,2025-09-03,0,,2,6.34,0,398,13.266666666666667,2024-08
CUST0245,Omaja Saini,61,Karnataka,Premium,999,2025-05-26,2025-08-07,1,2025-10-01,5,3.96,1,73,2.433333333333333,2025-05
CUST0246,Laban Sant,62,West Bengal,Standard,399,2026-02-14,2026-02-18,1,2026-02-26,2,14.29,1,4,0.13333333333333333,2026-02
CUST0247,Daksha Swaminathan,55,West Bengal,Standard,999,2025-04-14,2025-12-31,1,2025-04-28,1,17.97,1,261,8.7,2025-04
CUST0248,Barkha Shan,64,Maharashtra,Premium,999,2025-02-28,2025-04-14,0,,9,10.49,0,45,1.5,2025-02
CUST0249,Girindra Prakash,55,Tamil Nadu,Basic,599,2024-07-11,2024-09-08,0,,8,17.8,0,59,1.9666666666666666,2024-07
CUST0250,Ayushman Issac,32,West Bengal,Standard,199,2025-07-15,2025-09-19,0,,3,12.17,0,66,2.2,2025-07
CUST0251,Gauri Cheema,30,West Bengal,Premium,599,2026-01-05,2026-03-04,1,2026-02-27,8,9.9,1,58,1.9333333333333333,2026-01
CUST0252,Nihal Virk,43,Delhi,Basic,399,2025-03-02,2025-09-03,0,,4,11.72,0,185,6.166666666666667,2025-03
CUST0253,Anamika Bhasin,37,Karnataka,Standard,999,2025-12-02,2026-01-26,0,,2,7.43,0,55,1.8333333333333333,2025-12
CUST0254,Dominic Luthra,32,Maharashtra,Standard,199,2024-04-12,2025-07-15,1,2025-01-27,8,19.03,1,459,15.3,2024-04
CUST0255,Mahika Vala,21,West Bengal,Premium,999,2024-06-03,2024-07-09,1,2024-12-07,10,11.46,1,36,1.2,2024-06
CUST0256,Om Chatterjee,47,West Bengal,Premium,599,2025-12-06,2026-01-30,0,,2,3.9,0,55,1.8333333333333333,2025-12
CUST0257,Zaitra Jain,27,Delhi,Premium,399,2025-06-13,2026-03-15,1,2025-08-01,8,14.13,1,275,9.166666666666666,2025-06
CUST0258,Harinakshi Mahal,62,Maharashtra,Premium,999,2024-09-09,2025-01-12,0,,3,7.62,0,125,4.166666666666667,2024-09
CUST0259,Qarin Walia,59,Delhi,Premium,399,2025-01-09,2025-03-23,1,2025-12-05,9,6.81,1,73,2.433333333333333,2025-01
CUST0260,Kamya Tara,32,West Bengal,Basic,399,2025-11-23,2026-03-15,0,,4,3.16,0,112,3.7333333333333334,2025-11
CUST0261,Tarak Dhingra,61,Delhi,Premium,999,2025-08-30,2025-09-06,1,2026-02-09,7,12.31,1,7,0.23333333333333334,2025-08
CUST0262,Nitara Subramaniam,48,Tamil Nadu,Basic,599,2026-02-17,2026-03-24,0,,1,4.45,0,35,1.1666666666666667,2026-02
CUST0263,Vansha Chowdhury,20,Karnataka,Standard,199,2026-02-28,2026-03-28,0,,4,11.05,0,28,0.9333333333333333,2026-02
CUST0264,Bakhshi Oak,54,Maharashtra,Premium,399,2025-01-04,2026-01-09,1,2025-03-22,1,17.35,1,370,12.333333333333334,2025-01
CUST0265,Henry Sachdeva,61,Maharashtra,Premium,399,2024-08-15,2025-12-09,0,,0,6.99,0,481,16.033333333333335,2024-08
CUST0266,Krishna Nanda,46,Tamil Nadu,Premium,599,2024-05-23,2024-09-12,1,2024-10-31,2,4.19,1,112,3.7333333333333334,2024-05
CUST0267,Harsh Narang,50,Delhi,Premium,999,2025-10-06,2026-02-22,1,2025-10-23,3,4.48,1,139,4.633333333333334,2025-10
CUST0268,Tarak Prabhakar,45,Maharashtra,Premium,199,2024-08-18,2025-08-08,0,,1,14.95,0,355,11.833333333333334,2024-08
CUST0269,Zarna Maharaj,36,Delhi,Basic,399,2024-06-23,2025-03-18,0,,2,6.4,0,268,8.933333333333334,2024-06
CUST0270,Yashodhara Dhar,63,Tamil Nadu,Basic,999,2025-12-06,2026-03-30,1,2025-12-13,3,9.54,1,114,3.8,2025-12
CUST0271,Viraj Bassi,24,Tamil Nadu,Standard,599,2025-01-30,2025-02-17,1,2025-06-20,9,6.3,1,18,0.6,2025-01
CUST0272,Abdul Sahota,18,Delhi,Premium,199,2025-12-07,2026-03-23,0,,2,14.43,0,106,3.533333333333333,2025-12
CUST0273,Hemangini Chadha,53,West Bengal,Premium,599,2025-02-16,2026-01-17,0,,6,8.32,0,335,11.166666666666666,2025-02
CUST0274,Oni Nath,40,Tamil Nadu,Standard,599,2024-08-16,2024-09-27,0,,1,1.72,0,42,1.4,2024-08
CUST0275,Advay Gulati,64,Delhi,Standard,399,2025-02-05,2025-03-14,0,,7,1.24,0,37,1.2333333333333334,2025-02
CUST0276,Eta Anand,26,Tamil Nadu,Basic,999,2025-08-13,2026-02-19,0,,3,16.48,0,190,6.333333333333333,2025-08
CUST0277,Wriddhish Butala,49,Delhi,Basic,599,2024-10-11,2025-06-13,0,,3,1.56,0,245,8.166666666666666,2024-10
CUST0278,Yug Bava,47,Maharashtra,Standard,399,2024-05-13,2025-07-05,1,2024-07-04,4,14.14,1,418,13.933333333333334,2024-05
CUST0279,Xiti Devan,59,Delhi,Premium,399,2024-12-05,2026-01-24,1,2025-11-27,1,8.61,1,415,13.833333333333334,2024-12
CUST0280,Wakeeta Tank,50,Delhi,Standard,599,2026-01-25,2026-03-21,1,2026-03-20,10,3.4,1,55,1.8333333333333333,2026-01
CUST0281,Ati Saxena,33,Maharashtra,Standard,599,2025-06-05,2026-02-10,0,,6,14.22,0,250,8.333333333333334,2025-06
CUST0282,Krishna Gara,39,Karnataka,Basic,599,2024-09-07,2025-04-11,1,2024-11-06,5,19.63,1,216,7.2,2024-09
CUST0283,Udant Gaba,56,West Bengal,Basic,599,2024-07-22,2026-03-10,0,,7,11.79,0,596,19.866666666666667,2024-07
CUST0284,Isaiah Muni,55,West Bengal,Premium,999,2025-11-07,2025-11-15,1,2025-12-04,10,19.91,1,8,0.26666666666666666,2025-11
CUST0285,Daniel Padmanabhan,49,West Bengal,Standard,599,2025-05-30,2025-07-23,0,,9,5.78,0,54,1.8,2025-05
CUST0286,Akshay Suri,54,Karnataka,Standard,399,2025-08-08,2026-03-19,1,2026-02-17,0,15.03,1,223,7.433333333333334,2025-08
CUST0287,Aryan Ganesan,47,Delhi,Basic,599,2025-10-10,2026-02-14,0,,3,11.84,0,127,4.233333333333333,2025-10
CUST0288,Caleb Wali,38,West Bengal,Premium,599,2024-07-30,2025-08-28,1,2026-01-08,1,8.28,1,394,13.133333333333333,2024-07
CUST0289,Chakradev Trivedi,29,Karnataka,Premium,999,2024-06-05,2025-09-24,1,2024-08-17,4,11.54,1,476,15.866666666666667,2024-06
CUST0290,Indali Kala,19,Delhi,Basic,599,2024-07-06,2025-01-02,1,2024-07-29,1,9.6,1,180,6.0,2024-07
CUST0291,Nakul Garde,19,Tamil Nadu,Standard,999,2025-04-05,2026-01-06,1,2025-05-31,3,1.34,1,276,9.2,2025-04
CUST0292,Yadavi Modi,46,Karnataka,Basic,599,2025-03-31,2025-10-25,0,,0,16.04,0,208,6.933333333333334,2025-03
CUST0293,Chanakya Kakar,32,Karnataka,Basic,999,2024-08-12,2025-12-01,0,,9,3.32,0,476,15.866666666666667,2024-08
CUST0294,Victor Dutta,24,Delhi,Basic,199,2024-06-25,2026-01-29,1,2024-06-29,4,2.09,1,583,19.433333333333334,2024-06
CUST0295,Naveen Khurana,39,West Bengal,Standard,399,2025-12-01,2025-12-30,1,2026-01-15,0,16.5,1,29,0.9666666666666667,2025-12
CUST0296,Yashodhara Pillay,48,Delhi,Premium,399,2024-12-04,2025-04-15,0,,0,17.77,0,132,4.4,2024-12
CUST0297,Adweta Bahri,38,Maharashtra,Premium,999,2024-10-25,2026-01-30,0,,2,4.6,0,462,15.4,2024-10
CUST0298,Kevin Khare,60,West Bengal,Premium,399,2025-12-01,2026-03-10,1,2026-01-29,3,3.71,1,99,3.3,2025-12
CUST0299,Yadavi Ravel,63,Karnataka,Basic,199,2025-09-14,2025-12-09,1,2025-12-05,10,14.38,1,86,2.8666666666666667,2025-09
CUST0300,Vanya Dutt,47,Karnataka,Premium,599,2024-08-03,2026-03-22,1,2026-02-28,3,3.45,1,596,19.866666666666667,2024-08
CUST0301,Quincy Ratta,53,Karnataka,Basic,399,2024-08-25,2025-06-24,1,2025-04-02,4,17.04,1,303,10.1,2024-08
CUST0302,Yauvani Johal,52,Tamil Nadu,Basic,999,2025-09-27,2026-01-21,0,,6,14.29,0,116,3.8666666666666667,2025-09
CUST0303,Rajata Sem,31,Karnataka,Standard,399,2024-04-02,2025-02-23,1,2025-04-27,0,7.42,1,327,10.9,2024-04
CUST0304,Mugdha Tailor,55,West Bengal,Basic,399,2025-11-09,2026-02-17,1,2025-11-12,6,8.49,1,100,3.3333333333333335,2025-11
CUST0305,Warinder Ahuja,56,West Bengal,Basic,399,2025-05-04,2026-03-08,0,,5,5.76,0,308,10.266666666666667,2025-05
CUST0306,Ojas Lala,53,Maharashtra,Standard,399,2024-11-05,2025-06-21,0,,3,16.42,0,228,7.6,2024-11
CUST0307,Quincy Krish,29,West Bengal,Standard,199,2024-08-05,2025-09-05,1,2024-08-17,0,7.69,1,396,13.2,2024-08
CUST0308,Udarsh Sridhar,45,Maharashtra,Basic,399,2025-08-20,2025-09-21,1,2025-11-08,10,16.44,1,32,1.0666666666666667,2025-08
CUST0309,Ekapad Mani,26,Maharashtra,Premium,399,2024-06-20,2025-01-03,1,2025-03-09,0,5.45,1,197,6.566666666666666,2024-06
CUST0310,Upma Oza,35,Tamil Nadu,Standard,999,2026-02-17,2026-03-28,0,,0,5.96,0,39,1.3,2026-02
CUST0311,Oeshi Parmer,29,Maharashtra,Premium,399,2025-12-16,2025-12-26,0,,1,15.11,0,10,0.3333333333333333,2025-12
CUST0312,Diya Ghose,44,Karnataka,Basic,599,2025-07-21,2025-09-01,0,,2,17.66,0,42,1.4,2025-07
CUST0313,Max Agrawal,18,Karnataka,Premium,199,2025-05-19,2025-10-09,0,,1,16.03,0,143,4.766666666666667,2025-05
CUST0314,Aachal Kaul,49,West Bengal,Premium,399,2025-06-09,2025-06-16,1,2025-10-05,3,4.89,1,7,0.23333333333333334,2025-06
CUST0315,Frederick Padmanabhan,57,Delhi,Premium,199,2024-05-28,2024-12-04,1,2025-01-25,8,19.02,1,190,6.333333333333333,2024-05
CUST0316,Anya Deol,60,Maharashtra,Basic,399,2024-04-19,2024-09-30,1,2024-10-08,9,7.09,1,164,5.466666666666667,2024-04
CUST0317,Bhavani Lad,38,Delhi,Basic,399,2024-09-03,2024-09-06,1,2025-04-14,2,2.1,1,3,0.1,2024-09
CUST0318,Edhitha Ranganathan,64,Delhi,Basic,399,2025-10-08,2026-02-10,0,,4,9.42,0,125,4.166666666666667,2025-10
CUST0319,Udant Datta,38,West Bengal,Premium,399,2025-10-30,2026-02-20,0,,10,3.09,0,113,3.7666666666666666,2025-10
CUST0320,Anmol Sarin,64,Tamil Nadu,Premium,199,2025-11-11,2026-01-19,0,,2,8.16,0,69,2.3,2025-11
CUST0321,Akshay Tandon,46,Delhi,Standard,399,2024-07-04,2024-07-05,1,2024-08-24,7,2.61,1,1,0.03333333333333333,2024-07
CUST0322,Sai Sem,41,Delhi,Premium,199,2025-09-19,2026-03-24,1,2025-10-29,10,1.27,1,186,6.2,2025-09
CUST0323,Ekanta Magar,65,Delhi,Basic,199,2025-04-16,2025-05-02,1,2026-02-08,5,6.65,1,16,0.5333333333333333,2025-04
CUST0324,Gaurangi Mittal,50,Tamil Nadu,Standard,199,2025-05-09,2025-12-01,0,,2,2.37,0,206,6.866666666666666,2025-05
CUST0325,Neha Narang,52,Delhi,Premium,399,2025-11-17,2026-01-17,1,2026-02-02,2,2.99,1,61,2.033333333333333,2025-11
CUST0326,Zansi Bhatia,60,Karnataka,Premium,199,2025-02-08,2025-07-07,0,,4,3.07,0,149,4.966666666666667,2025-02
CUST0327,Shivani Sekhon,60,Maharashtra,Premium,399,2025-09-25,2026-01-15,0,,3,3.91,0,112,3.7333333333333334,2025-09
CUST0328,Yachana Goyal,32,Karnataka,Premium,599,2024-11-04,2024-11-18,0,,3,12.92,0,14,0.4666666666666667,2024-11
CUST0329,Lucky Bhandari,27,Karnataka,Standard,199,2025-11-21,2025-12-26,1,2026-03-15,2,14.05,1,35,1.1666666666666667,2025-11
CUST0330,Rayaan Konda,24,Maharashtra,Standard,199,2025-04-25,2025-08-17,1,2025-05-29,7,3.62,1,114,3.8,2025-04
CUST0331,Pranav Iyengar,27,Tamil Nadu,Premium,999,2024-09-08,2025-10-21,1,2025-03-09,7,10.82,1,408,13.6,2024-09
CUST0332,Quincy Barman,29,Tamil Nadu,Premium,599,2025-09-04,2025-09-21,0,,7,5.84,0,17,0.5666666666666667,2025-09
CUST0333,Kamala Yogi,38,Maharashtra,Basic,399,2025-01-16,2025-07-31,0,,0,8.48,0,196,6.533333333333333,2025-01
CUST0334,Libni Bath,18,Karnataka,Standard,599,2024-08-02,2025-06-24,1,2025-02-28,8,4.7,1,326,10.866666666666667,2024-08
CUST0335,Jeevika Soni,26,Delhi,Basic,399,2024-05-03,2024-06-14,0,,2,10.26,0,42,1.4,2024-05
CUST0336,Gaurang Mutti,24,Tamil Nadu,Standard,599,2025-11-22,2026-02-23,0,,2,12.82,0,93,3.1,2025-11
CUST0337,Pranit Khalsa,51,Tamil Nadu,Standard,599,2025-07-03,2026-01-13,1,2025-07-18,3,16.86,1,194,6.466666666666667,2025-07
CUST0338,Vidhi Parsa,47,Tamil Nadu,Premium,999,2025-01-11,2026-01-26,1,2025-05-02,9,19.12,1,380,12.666666666666666,2025-01
CUST0339,Nitara Jayaraman,55,West Bengal,Standard,199,2025-05-05,2025-06-10,1,2025-11-20,9,7.83,1,36,1.2,2025-05
CUST0340,Laksh Memon,20,Maharashtra,Premium,199,2026-02-25,2026-03-02,0,,7,10.08,0,5,0.16666666666666666,2026-02
CUST0341,Dipta Dua,42,West Bengal,Standard,199,2025-08-13,2025-11-30,1,2026-01-29,2,3.25,1,109,3.6333333333333333,2025-08
CUST0342,Kavya Sunder,40,Delhi,Premium,999,2025-10-15,2026-03-11,0,,9,14.38,0,147,4.9,2025-10
CUST0343,Harita Khanna,64,Delhi,Basic,399,2024-08-13,2024-12-21,1,2025-12-12,5,5.95,1,130,4.333333333333333,2024-08
CUST0344,Aadhya Chaudhari,20,Karnataka,Standard,199,2025-03-25,2025-04-28,0,,4,16.1,0,34,1.1333333333333333,2025-03
CUST0345,Gaurangi Gupta,26,Delhi,Basic,399,2025-09-08,2025-09-29,0,,8,10.22,0,21,0.7,2025-09
CUST0346,Bhavna Tella,29,Karnataka,Basic,599,2025-12-11,2026-03-22,1,2026-03-31,7,14.51,1,101,3.3666666666666667,2025-12
CUST0347,Chaaya Jayaraman,42,Delhi,Premium,399,2025-01-13,2025-01-15,1,2026-02-03,6,13.49,1,2,0.06666666666666667,2025-01
CUST0348,Abha Sarma,51,West Bengal,Basic,399,2025-08-28,2026-02-21,1,2025-11-01,1,15.15,1,177,5.9,2025-08
CUST0349,Saumya Karnik,37,Delhi,Premium,199,2025-09-23,2025-10-06,0,,0,7.74,0,13,0.43333333333333335,2025-09
CUST0350,Bhanumati Bajwa,54,Delhi,Standard,399,2025-07-11,2025-10-06,1,2025-12-31,0,13.25,1,87,2.9,2025-07
CUST0351,Maanas Saha,28,Delhi,Standard,999,2025-05-10,2025-05-18,1,2025-07-26,3,2.77,1,8,0.26666666666666666,2025-05
CUST0352,Arya Khanna,44,Maharashtra,Standard,399,2024-09-05,2025-06-11,0,,5,7.91,0,279,9.3,2024-09
CUST0353,Ansh Nagar,63,Karnataka,Basic,999,2024-10-09,2025-08-09,1,2025-01-28,3,18.06,1,304,10.133333333333333,2024-10
CUST0354,Hiral Mitra,48,Tamil Nadu,Premium,599,2026-02-14,2026-03-15,1,2026-03-25,3,19.44,1,29,0.9666666666666667,2026-02
CUST0355,Arya Sandal,62,Maharashtra,Basic,199,2024-05-04,2025-08-06,0,,6,9.72,0,459,15.3,2024-05
CUST0356,Yashica Zacharia,29,Tamil Nadu,Premium,399,2025-11-11,2025-11-29,1,2026-03-23,0,15.0,1,18,0.6,2025-11
CUST0357,Lopa Som,58,West Bengal,Basic,999,2024-05-19,2026-01-11,0,,0,6.24,0,602,20.066666666666666,2024-05
CUST0358,Owen Patla,35,West Bengal,Standard,399,2025-11-04,2025-11-21,0,,7,17.07,0,17,0.5666666666666667,2025-11
CUST0359,Benjamin Bath,54,Delhi,Basic,999,2025-07-16,2025-11-12,1,2025-12-01,10,14.09,1,119,3.966666666666667,2025-07
CUST0360,Yashvi Buch,57,West Bengal,Standard,199,2025-05-22,2025-05-26,1,2025-05-31,8,4.05,1,4,0.13333333333333333,2025-05
CUST0361,Gaurang Subramaniam,36,Tamil Nadu,Standard,399,2025-04-17,2026-02-19,0,,2,15.65,0,308,10.266666666666667,2025-04
CUST0362,Widisha Shanker,22,Tamil Nadu,Basic,399,2025-06-19,2025-07-24,0,,1,11.15,0,35,1.1666666666666667,2025-06
CUST0363,Rajata Atwal,55,Maharashtra,Premium,199,2024-06-17,2025-06-13,0,,5,5.22,0,361,12.033333333333333,2024-06
CUST0364,Rachita Saha,51,West Bengal,Premium,199,2025-09-30,2026-02-15,0,,6,4.19,0,138,4.6,2025-09
CUST0365,Shivani Lad,31,Maharashtra,Premium,599,2024-07-03,2024-09-22,0,,4,13.31,0,81,2.7,2024-07
CUST0366,Vritti Bath,50,Karnataka,Premium,399,2025-06-17,2026-02-01,0,,10,2.54,0,229,7.633333333333334,2025-06
CUST0367,Wishi Buch,31,Tamil Nadu,Basic,399,2026-01-05,2026-01-05,1,2026-01-16,4,11.33,1,0,0.0,2026-01
CUST0368,Aayush Acharya,45,Maharashtra,Basic,199,2025-02-23,2025-05-28,1,2025-08-17,2,15.74,1,94,3.1333333333333333,2025-02
CUST0369,Eta Batta,52,Delhi,Standard,199,2024-07-11,2026-02-16,1,2024-09-22,10,4.05,1,585,19.5,2024-07
CUST0370,Karan Pau,34,Delhi,Premium,399,2025-02-09,2025-12-26,0,,1,12.68,0,320,10.666666666666666,2025-02
CUST0371,Amruta Sur,43,West Bengal,Standard,999,2025-05-14,2026-03-12,1,2025-07-31,8,17.42,1,302,10.066666666666666,2025-05
CUST0372,Gavin Ganguly,29,Tamil Nadu,Premium,599,2024-05-03,2024-06-23,0,,6,6.68,0,51,1.7,2024-05
CUST0373,Shravya Kala,53,Maharashtra,Premium,199,2024-06-26,2025-12-12,0,,2,2.91,0,534,17.8,2024-06
CUST0374,Aayush Barad,24,Delhi,Basic,399,2025-07-14,2025-12-17,1,2026-03-23,4,2.73,1,156,5.2,2025-07
CUST0375,Warda Sachdev,60,Karnataka,Premium,999,2025-12-03,2026-02-18,0,,2,2.55,0,77,2.566666666666667,2025-12
CUST0376,Rehaan Kala,60,Tamil Nadu,Basic,599,2024-05-19,2026-03-11,1,2024-07-09,10,10.38,1,661,22.033333333333335,2024-05
CUST0377,Kalpit Khalsa,65,Maharashtra,Standard,199,2025-03-30,2025-09-30,0,,8,17.71,0,184,6.133333333333334,2025-03
CUST0378,Lohit Dasgupta,45,West Bengal,Standard,199,2024-11-07,2024-11-17,1,2024-11-14,7,8.85,1,10,0.3333333333333333,2024-11
CUST0379,Jack Parikh,27,West Bengal,Standard,999,2025-11-11,2026-02-01,1,2026-02-13,6,16.44,1,82,2.7333333333333334,2025-11
CUST0380,Nitara Dugar,47,Tamil Nadu,Basic,599,2024-08-19,2025-11-07,0,,8,10.04,0,445,14.833333333333334,2024-08
CUST0381,Keya Choudhury,25,Tamil Nadu,Basic,599,2025-05-28,2025-10-10,0,,3,17.27,0,135,4.5,2025-05
CUST0382,Aarna Acharya,60,Karnataka,Premium,199,2025-03-01,2026-01-23,1,2026-01-11,2,6.45,1,328,10.933333333333334,2025-03
CUST0383,Anthony Tripathi,54,West Bengal,Basic,599,2026-01-19,2026-01-20,0,,4,9.76,0,1,0.03333333333333333,2026-01
CUST0384,Balveer Char,46,West Bengal,Basic,999,2024-10-11,2025-06-13,0,,4,9.78,0,245,8.166666666666666,2024-10
CUST0385,Vedhika Goel,47,Tamil Nadu,Premium,199,2024-12-17,2025-09-18,1,2025-06-09,4,14.3,1,275,9.166666666666666,2024-12
CUST0386,Ekaraj Dar,49,Delhi,Standard,599,2024-12-09,2025-07-25,0,,10,15.23,0,228,7.6,2024-12
CUST0387,Aishani Kadakia,42,Karnataka,Premium,599,2024-09-10,2024-11-04,1,2026-03-05,4,7.43,1,55,1.8333333333333333,2024-09
CUST0388,Warinder Bhandari,65,Maharashtra,Premium,999,2024-07-09,2026-01-22,0,,1,18.85,0,562,18.733333333333334,2024-07
CUST0389,Yadavi Ahluwalia,62,Tamil Nadu,Standard,599,2025-11-22,2026-03-10,0,,2,16.28,0,108,3.6,2025-11
CUST0390,Aarav Banik,22,West Bengal,Premium,599,2025-03-11,2025-04-14,0,,5,11.35,0,34,1.1333333333333333,2025-03
CUST0391,Saksham Dey,42,Delhi,Basic,599,2025-04-11,2025-07-27,1,2025-04-16,9,13.22,1,107,3.566666666666667,2025-04
CUST0392,Ojas Wadhwa,19,Delhi,Premium,599,2025-05-19,2025-09-29,1,2026-03-10,10,11.43,1,133,4.433333333333334,2025-05
CUST0393,Bhavini Kale,56,Delhi,Premium,999,2024-12-27,2025-08-10,1,2025-03-29,7,19.33,1,226,7.533333333333333,2024-12
CUST0394,Nidra Johal,55,Maharashtra,Premium,999,2025-06-07,2026-03-07,0,,4,17.07,0,273,9.1,2025-06
CUST0395,Nakul Konda,54,Delhi,Standard,599,2024-04-24,2025-04-03,1,2025-01-05,0,6.53,1,344,11.466666666666667,2024-04
CUST0396,Faqid Arya,62,Karnataka,Premium,199,2024-04-11,2025-03-10,1,2026-03-13,0,12.1,1,333,11.1,2024-04
CUST0397,Isaac Gera,18,Maharashtra,Standard,999,2025-04-23,2025-07-28,1,2025-12-27,9,9.62,1,96,3.2,2025-04
CUST0398,Arjun Zacharia,35,Delhi,Premium,599,2024-06-14,2024-08-02,1,2025-03-28,10,14.11,1,49,1.6333333333333333,2024-06
CUST0399,Azaan Baral,25,West Bengal,Standard,199,2025-11-13,2025-12-10,1,2026-01-04,0,14.73,1,27,0.9,2025-11
CUST0400,Gauri Krishnan,44,Delhi,Standard,199,2025-02-04,2025-09-24,1,2025-07-06,2,13.82,1,232,7.733333333333333,2025-02
CUST0401,Anay Datta,57,West Bengal,Basic,999,2025-07-26,2026-03-05,0,,0,18.12,0,222,7.4,2025-07
CUST0402,Isaac Ravi,35,Karnataka,Premium,999,2025-11-14,2025-12-12,0,,9,16.84,0,28,0.9333333333333333,2025-11
CUST0403,Ishanvi Yadav,18,West Bengal,Standard,199,2025-07-12,2026-03-27,0,,2,18.9,0,258,8.6,2025-07
CUST0404,Darsh Mahajan,65,West Bengal,Basic,199,2025-12-08,2026-02-15,0,,6,7.06,0,69,2.3,2025-12
CUST0405,Wishi Dara,39,West Bengal,Standard,399,2025-07-18,2025-11-10,0,,2,10.02,0,115,3.8333333333333335,2025-07
CUST0406,Nitara Reddy,45,West Bengal,Basic,199,2025-06-30,2026-01-23,0,,1,7.99,0,207,6.9,2025-06
CUST0407,Osha Mann,35,Karnataka,Standard,599,2025-05-26,2026-03-21,0,,7,5.27,0,299,9.966666666666667,2025-05
CUST0408,Mahika Mistry,44,Maharashtra,Premium,999,2025-01-29,2026-01-07,1,2025-07-15,2,15.95,1,343,11.433333333333334,2025-01
CUST0409,Yadavi Mahal,20,Karnataka,Standard,599,2025-11-06,2026-02-21,0,,7,10.48,0,107,3.566666666666667,2025-11
CUST0410,Bhavna Chaudhari,65,West Bengal,Premium,599,2025-11-26,2025-12-16,0,,4,12.21,0,20,0.6666666666666666,2025-11
CUST0411,Ekantika Wali,22,Karnataka,Basic,199,2024-06-14,2024-09-06,1,2024-07-07,5,3.08,1,84,2.8,2024-06
CUST0412,Veda Kamdar,59,Tamil Nadu,Premium,999,2026-01-16,2026-02-01,0,,10,1.79,0,16,0.5333333333333333,2026-01
CUST0413,Ranbir Bhakta,52,West Bengal,Standard,999,2026-01-11,2026-03-03,0,,5,19.51,0,51,1.7,2026-01
CUST0414,Manya Das,35,Maharashtra,Premium,599,2024-04-29,2025-02-18,0,,1,11.22,0,295,9.833333333333334,2024-04
CUST0415,Dhruv Mammen,58,Karnataka,Premium,599,2025-11-08,2025-12-17,1,2026-01-26,7,2.39,1,39,1.3,2025-11
CUST0416,Gunbir Shanker,50,Maharashtra,Basic,199,2024-09-20,2024-11-25,0,,7,14.53,0,66,2.2,2024-09
CUST0417,Geetika Chaudhary,61,Delhi,Premium,599,2024-08-22,2026-03-17,1,2025-11-01,3,7.23,1,572,19.066666666666666,2024-08
CUST0418,Pranit Sheth,58,Tamil Nadu,Standard,599,2024-06-14,2024-09-08,0,,8,2.21,0,86,2.8666666666666667,2024-06
CUST0419,Abdul Sarraf,43,Delhi,Premium,999,2025-12-04,2026-03-15,1,2026-02-06,9,18.6,1,101,3.3666666666666667,2025-12
CUST0420,Arjun Vora,26,Delhi,Basic,599,2025-08-18,2025-10-23,1,2026-03-11,10,18.5,1,66,2.2,2025-08
CUST0421,Sanya Kapadia,37,Delhi,Basic,199,2025-02-23,2025-04-16,0,,10,6.45,0,52,1.7333333333333334,2025-02
CUST0422,Ridhi Jayaraman,22,Tamil Nadu,Premium,999,2024-10-18,2025-06-02,0,,8,17.09,0,227,7.566666666666666,2024-10
CUST0423,Aashi Chowdhury,44,Karnataka,Standard,199,2025-04-11,2025-04-26,0,,7,18.16,0,15,0.5,2025-04
CUST0424,Bachittar Chopra,32,Maharashtra,Standard,999,2024-12-15,2025-02-28,1,2025-04-16,1,15.05,1,75,2.5,2024-12
CUST0425,Yasti Halder,50,Delhi,Standard,599,2024-10-01,2025-11-04,1,2025-01-28,7,3.28,1,399,13.3,2024-10
CUST0426,Zinal Kuruvilla,26,Delhi,Standard,599,2025-02-14,2025-12-29,0,,4,15.58,0,318,10.6,2025-02
CUST0427,Yatin Nigam,33,Delhi,Standard,199,2025-12-28,2026-03-15,0,,5,2.35,0,77,2.566666666666667,2025-12
CUST0428,Anjali Sunder,59,Tamil Nadu,Basic,199,2025-11-14,2025-11-23,0,,0,16.26,0,9,0.3,2025-11
CUST0429,Anita Anne,23,Maharashtra,Basic,399,2025-05-23,2025-09-06,1,2025-09-03,9,14.84,1,106,3.533333333333333,2025-05
CUST0430,Vedant Garg,59,Maharashtra,Premium,599,2024-08-21,2025-05-07,1,2025-02-27,3,1.25,1,259,8.633333333333333,2024-08
CUST0431,Nilima Banerjee,56,Delhi,Premium,199,2024-04-01,2024-10-28,0,,4,19.52,0,210,7.0,2024-04
CUST0432,Sanaya Sandal,48,Maharashtra,Premium,199,2025-07-03,2025-09-28,0,,5,2.19,0,87,2.9,2025-07
CUST0433,Anika Kibe,65,Delhi,Standard,599,2025-05-24,2026-02-09,0,,7,17.17,0,261,8.7,2025-05
CUST0434,Qushi Khatri,32,Delhi,Premium,599,2025-08-27,2025-12-29,1,2026-02-10,10,9.16,1,124,4.133333333333334,2025-08
CUST0435,Barkha Raju,44,Tamil Nadu,Basic,399,2024-06-27,2025-05-21,1,2024-09-24,8,10.77,1,328,10.933333333333334,2024-06
CUST0436,Ijaya Babu,19,Maharashtra,Premium,399,2025-03-03,2025-06-01,0,,4,11.79,0,90,3.0,2025-03
CUST0437,Ayush Lad,59,West Bengal,Basic,399,2025-05-18,2025-10-14,1,2026-01-05,2,12.41,1,149,4.966666666666667,2025-05
CUST0438,Vedhika Panchal,61,Karnataka,Standard,399,2024-07-21,2025-12-17,0,,2,7.88,0,514,17.133333333333333,2024-07
CUST0439,Chatura Chaudry,55,Delhi,Basic,199,2024-11-23,2025-12-13,0,,3,10.77,0,385,12.833333333333334,2024-11
CUST0440,Avni Nagy,37,Maharashtra,Basic,399,2024-04-20,2024-12-22,1,2025-04-21,10,13.96,1,246,8.2,2024-04
CUST0441,Irya Bajwa,30,Tamil Nadu,Basic,399,2025-09-23,2025-12-24,1,2025-11-15,8,9.48,1,92,3.066666666666667,2025-09
CUST0442,Manthan Prashad,57,Delhi,Basic,199,2025-03-13,2026-02-03,1,2025-06-09,0,12.73,1,327,10.9,2025-03
CUST0443,Rachita Raman,60,Tamil Nadu,Basic,399,2024-04-23,2024-11-06,0,,5,16.86,0,197,6.566666666666666,2024-04
CUST0444,Patrick Balay,54,West Bengal,Basic,999,2025-07-22,2026-01-30,1,2025-10-14,4,19.47,1,192,6.4,2025-07
CUST0445,Yadavi Date,33,West Bengal,Standard,199,2025-02-27,2026-03-14,0,,9,3.69,0,380,12.666666666666666,2025-02
CUST0446,Nakul Kota,21,Maharashtra,Standard,999,2025-02-01,2025-04-20,0,,5,19.88,0,78,2.6,2025-02
CUST0447,Nicholas Nagy,54,Karnataka,Basic,999,2025-08-10,2026-03-11,0,,7,15.76,0,213,7.1,2025-08
CUST0448,Anamika Kapur,42,West Bengal,Basic,199,2025-03-23,2025-08-31,1,2025-05-21,2,13.15,1,161,5.366666666666666,2025-03
CUST0449,Vasudha Malhotra,43,West Bengal,Basic,599,2025-09-06,2025-12-29,1,2026-03-27,2,18.68,1,114,3.8,2025-09
CUST0450,Vanya Keer,22,Maharashtra,Premium,199,2025-05-22,2025-11-26,0,,0,3.21,0,188,6.266666666666667,2025-05
CUST0451,Sneha Aurora,34,Maharashtra,Premium,999,2024-06-18,2025-08-07,0,,2,9.89,0,415,13.833333333333334,2024-06
CUST0452,Aarnav Sharaf,52,West Bengal,Premium,599,2025-04-30,2025-07-25,0,,8,10.82,0,86,2.8666666666666667,2025-04
CUST0453,Wishi Mann,25,West Bengal,Premium,199,2024-11-28,2025-07-09,1,2025-07-29,10,4.66,1,223,7.433333333333334,2024-11
CUST0454,Oliver Ahluwalia,24,Maharashtra,Basic,999,2024-09-17,2025-01-08,1,2026-02-22,7,19.44,1,113,3.7666666666666666,2024-09
CUST0455,Baghyawati Mistry,58,Tamil Nadu,Premium,199,2025-01-06,2025-12-01,1,2025-11-14,3,5.96,1,329,10.966666666666667,2025-01
CUST0456,Fiyaz Sridhar,40,Tamil Nadu,Basic,199,2025-01-01,2025-06-26,1,2026-01-01,7,1.77,1,176,5.866666666666666,2025-01
CUST0457,Jason Randhawa,26,West Bengal,Basic,999,2026-02-05,2026-03-31,0,,7,11.55,0,54,1.8,2026-02
CUST0458,Pranit Sanghvi,21,Tamil Nadu,Basic,999,2025-01-24,2025-03-13,0,,2,10.14,0,48,1.6,2025-01
CUST0459,Ishita Agrawal,43,West Bengal,Standard,199,2024-11-25,2024-12-13,1,2024-12-03,10,19.32,1,18,0.6,2024-11
CUST0460,Mohammed Kalla,56,Tamil Nadu,Standard,599,2025-02-05,2025-11-06,0,,6,3.31,0,274,9.133333333333333,2025-02
CUST0461,Upasna Char,56,West Bengal,Premium,199,2026-01-28,2026-03-01,0,,6,10.15,0,32,1.0666666666666667,2026-01
CUST0462,David Gera,54,Karnataka,Premium,599,2024-10-24,2025-12-13,1,2025-07-11,7,15.95,1,415,13.833333333333334,2024-10
CUST0463,Maanav Virk,35,Maharashtra,Basic,599,2026-01-22,2026-03-24,1,2026-01-23,4,18.12,1,61,2.033333333333333,2026-01
CUST0464,Ekantika Chahal,53,Maharashtra,Standard,999,2026-01-03,2026-03-31,0,,5,5.93,0,87,2.9,2026-01
CUST0465,Saanvi Gera,39,Delhi,Standard,399,2024-07-23,2024-07-30,0,,2,6.82,0,7,0.23333333333333334,2024-07
CUST0466,Nidra Devan,63,Karnataka,Premium,999,2025-07-11,2025-11-08,1,2025-10-08,7,12.64,1,120,4.0,2025-07
CUST0467,Maanas Sinha,55,Karnataka,Standard,599,2025-07-01,2025-08-24,0,,6,17.51,0,54,1.8,2025-07
CUST0468,Chakrika Sinha,60,Maharashtra,Standard,999,2025-03-07,2025-06-04,1,2026-01-22,4,2.0,1,89,2.966666666666667,2025-03
CUST0469,Warhi Dubey,35,Maharashtra,Standard,399,2025-04-07,2025-07-29,1,2025-06-17,4,19.33,1,113,3.7666666666666666,2025-04
CUST0470,Isha Ganguly,19,West Bengal,Premium,199,2024-08-14,2025-08-06,1,2025-05-14,1,8.32,1,357,11.9,2024-08
CUST0471,Nikita Ramesh,53,West Bengal,Premium,199,2025-10-13,2026-03-24,1,2025-12-09,7,19.7,1,162,5.4,2025-10
CUST0472,Avi Bobal,64,Karnataka,Basic,199,2024-06-21,2025-02-15,1,2025-05-03,1,15.31,1,239,7.966666666666667,2024-06
CUST0473,Yug Anand,43,Karnataka,Standard,599,2024-06-14,2025-08-19,0,,0,2.33,0,431,14.366666666666667,2024-06
CUST0474,Ekani Nagi,52,Maharashtra,Premium,599,2024-11-24,2026-03-22,0,,8,9.4,0,483,16.1,2024-11
CUST0475,Elijah Barad,60,Tamil Nadu,Basic,399,2025-12-21,2025-12-30,0,,7,5.52,0,9,0.3,2025-12
CUST0476,Aarav Merchant,43,West Bengal,Premium,199,2025-02-16,2025-06-22,1,2026-01-27,7,13.08,1,126,4.2,2025-02
CUST0477,Ekaja Ahuja,30,Tamil Nadu,Basic,599,2025-06-15,2026-02-01,0,,2,14.7,0,231,7.7,2025-06
CUST0478,Warjas Gaba,55,Delhi,Premium,399,2025-08-17,2025-10-07,0,,2,1.21,0,51,1.7,2025-08
CUST0479,Vedant Kamdar,28,Tamil Nadu,Premium,399,2025-02-05,2026-01-07,0,,2,7.77,0,336,11.2,2025-02
CUST0480,Vrishti Amble,42,Tamil Nadu,Basic,399,2024-07-10,2025-06-28,0,,7,12.25,0,353,11.766666666666667,2024-07
CUST0481,Madhav Kannan,36,Maharashtra,Premium,199,2025-11-16,2026-01-01,0,,3,14.51,0,46,1.5333333333333334,2025-11
CUST0482,Abhiram Hayre,59,Delhi,Premium,399,2024-06-25,2025-10-15,1,2025-01-03,0,8.72,1,477,15.9,2024-06
CUST0483,Veer Brar,22,Delhi,Standard,999,2024-05-13,2026-03-12,0,,7,10.01,0,668,22.266666666666666,2024-05
CUST0484,Udant Bumb,37,Delhi,Basic,999,2025-12-12,2025-12-21,1,2026-01-09,9,3.47,1,9,0.3,2025-12
CUST0485,Indira Nagi,59,Delhi,Standard,999,2025-06-22,2025-10-28,0,,2,15.07,0,128,4.266666666666667,2025-06
CUST0486,Warinder Solanki,52,Maharashtra,Basic,399,2025-02-17,2025-04-17,0,,3,17.81,0,59,1.9666666666666666,2025-02
CUST0487,Gaurangi Pandya,54,Karnataka,Standard,999,2024-06-16,2024-08-18,0,,7,7.02,0,63,2.1,2024-06
CUST0488,Ojas Chandran,20,Delhi,Basic,199,2025-12-15,2025-12-17,1,2026-03-06,5,18.17,1,2,0.06666666666666667,2025-12
CUST0489,Tanmayi Mistry,55,Karnataka,Basic,199,2024-09-05,2025-07-09,0,,4,6.24,0,307,10.233333333333333,2024-09
CUST0490,Aarini Sekhon,29,West Bengal,Basic,599,2025-09-18,2026-01-18,1,2025-10-04,5,5.88,1,122,4.066666666666666,2025-09
CUST0491,Aahana Walla,44,Maharashtra,Basic,399,2025-07-17,2026-01-07,1,2025-10-15,8,15.28,1,174,5.8,2025-07
CUST0492,Isaac Agrawal,60,West Bengal,Standard,999,2024-11-10,2024-12-25,0,,4,10.47,0,45,1.5,2024-11
CUST0493,Fitan Deep,32,Tamil Nadu,Premium,399,2026-02-15,2026-03-06,0,,0,16.81,0,19,0.6333333333333333,2026-02
CUST0494,Finn Thaker,27,West Bengal,Premium,999,2025-12-12,2026-02-22,0,,10,17.84,0,72,2.4,2025-12
CUST0495,Kala Rajagopal,18,Maharashtra,Premium,999,2024-05-01,2025-03-25,0,,6,6.76,0,328,10.933333333333334,2024-05
CUST0496,Rehaan Banerjee,56,Delhi,Basic,999,2024-05-25,2024-08-07,1,2025-04-02,8,8.93,1,74,2.466666666666667,2024-05
CUST0497,Amruta Gandhi,28,Tamil Nadu,Premium,599,2024-05-13,2026-02-28,1,2024-10-15,3,17.38,1,656,21.866666666666667,2024-05
CUST0498,Sarthak More,55,Karnataka,Premium,399,2024-07-03,2025-12-18,1,2025-01-22,7,10.73,1,533,17.766666666666666,2024-07
CUST0499,Gaurangi Tiwari,25,Tamil Nadu,Standard,599,2024-06-27,2024-09-18,1,2024-10-07,0,19.83,1,83,2.7666666666666666,2024-06
CUST0500,Krish Srivastava,25,Tamil Nadu,Premium,599,2025-07-26,2025-10-24,0,,0,3.97,0,90,3.0,2025-07
